-- MySQL dump 10.13  Distrib 5.1.50, for Win32 (ia32)
--
-- Host: localhost    Database: juegos_esa
-- ------------------------------------------------------
-- Server version	5.5.44-log

/*!40101 SET @OLD_CHARACTER_SET_CLIENT=@@CHARACTER_SET_CLIENT */;
/*!40101 SET @OLD_CHARACTER_SET_RESULTS=@@CHARACTER_SET_RESULTS */;
/*!40101 SET @OLD_COLLATION_CONNECTION=@@COLLATION_CONNECTION */;
/*!40101 SET NAMES utf8 */;
/*!40103 SET @OLD_TIME_ZONE=@@TIME_ZONE */;
/*!40103 SET TIME_ZONE='+00:00' */;
/*!40014 SET @OLD_UNIQUE_CHECKS=@@UNIQUE_CHECKS, UNIQUE_CHECKS=0 */;
/*!40014 SET @OLD_FOREIGN_KEY_CHECKS=@@FOREIGN_KEY_CHECKS, FOREIGN_KEY_CHECKS=0 */;
/*!40101 SET @OLD_SQL_MODE=@@SQL_MODE, SQL_MODE='NO_AUTO_VALUE_ON_ZERO' */;
/*!40111 SET @OLD_SQL_NOTES=@@SQL_NOTES, SQL_NOTES=0 */;

--
-- Table structure for table `caja`
--

DROP TABLE IF EXISTS `caja`;
/*!40101 SET @saved_cs_client     = @@character_set_client */;
/*!40101 SET character_set_client = utf8 */;
CREATE TABLE `caja` (
  `id` int(11) NOT NULL AUTO_INCREMENT,
  `juego_id` int(11) DEFAULT NULL,
  `sucursal_id` int(11) DEFAULT NULL,
  `numero_carton` varchar(100) COLLATE utf8_unicode_ci NOT NULL,
  `contiene_libreta_limite_inferior` varchar(100) COLLATE utf8_unicode_ci NOT NULL,
  `contiene_libreta_limite_superior` varchar(100) COLLATE utf8_unicode_ci NOT NULL,
  `omite_libreta` varchar(50) COLLATE utf8_unicode_ci NOT NULL,
  `total_libretas` int(11) NOT NULL,
  `libretas_asignadas` int(11) NOT NULL,
  `usuario_id` int(11) DEFAULT NULL,
  `fecha_creacion` datetime DEFAULT NULL,
  `estado` varchar(50) COLLATE utf8_unicode_ci NOT NULL,
  PRIMARY KEY (`id`),
  KEY `IDX_E465F40513375255` (`juego_id`),
  KEY `IDX_E465F405DB38439E` (`usuario_id`),
  KEY `IDX_E465F405279A5D5E` (`sucursal_id`),
  CONSTRAINT `FK_E465F40513375255` FOREIGN KEY (`juego_id`) REFERENCES `juego` (`id`),
  CONSTRAINT `FK_E465F405279A5D5E` FOREIGN KEY (`sucursal_id`) REFERENCES `sucursal` (`id`),
  CONSTRAINT `FK_E465F405DB38439E` FOREIGN KEY (`usuario_id`) REFERENCES `usuario` (`id`)
) ENGINE=InnoDB AUTO_INCREMENT=27 DEFAULT CHARSET=utf8 COLLATE=utf8_unicode_ci;
/*!40101 SET character_set_client = @saved_cs_client */;

--
-- Dumping data for table `caja`
--

LOCK TABLES `caja` WRITE;
/*!40000 ALTER TABLE `caja` DISABLE KEYS */;
INSERT INTO `caja` VALUES (23,1,1,'000350','000001','000007','000007, 000006',5,8,9,'2015-12-08 13:59:42','ASIGNADO_COMPLETAMENTE'),(24,1,2,'000351','000001','000010','000009',9,9,9,'2015-12-12 00:28:41','ASIGNADO_COMPLETAMENTE'),(25,2,3,'000352','000001','000004','000001',3,3,6,'2015-12-12 00:56:26','ASIGNADO_COMPLETAMENTE'),(26,2,4,'000353','000001','000004','000004',3,3,14,'2015-12-12 00:57:08','ASIGNADO_COMPLETAMENTE');
/*!40000 ALTER TABLE `caja` ENABLE KEYS */;
UNLOCK TABLES;

--
-- Table structure for table `juego`
--

DROP TABLE IF EXISTS `juego`;
/*!40101 SET @saved_cs_client     = @@character_set_client */;
/*!40101 SET character_set_client = utf8 */;
CREATE TABLE `juego` (
  `id` int(11) NOT NULL AUTO_INCREMENT,
  `nombre` varchar(100) COLLATE utf8_unicode_ci NOT NULL,
  `numero_tickets` int(11) NOT NULL,
  `fecha_ingreso_sistema` datetime DEFAULT NULL,
  `estado` varchar(20) COLLATE utf8_unicode_ci NOT NULL,
  `precio_x_ticket` decimal(10,2) NOT NULL,
  PRIMARY KEY (`id`)
) ENGINE=InnoDB AUTO_INCREMENT=3 DEFAULT CHARSET=utf8 COLLATE=utf8_unicode_ci;
/*!40101 SET character_set_client = @saved_cs_client */;

--
-- Dumping data for table `juego`
--

LOCK TABLES `juego` WRITE;
/*!40000 ALTER TABLE `juego` DISABLE KEYS */;
INSERT INTO `juego` VALUES (1,'La gallinita de la suerte',100,'2015-08-10 09:59:34','ACTIVO','0.50'),(2,'La mina de los diamantes',50,'2015-08-10 11:47:03','ACTIVO','1.00');
/*!40000 ALTER TABLE `juego` ENABLE KEYS */;
UNLOCK TABLES;

--
-- Table structure for table `libreta`
--

DROP TABLE IF EXISTS `libreta`;
/*!40101 SET @saved_cs_client     = @@character_set_client */;
/*!40101 SET character_set_client = utf8 */;
CREATE TABLE `libreta` (
  `id` int(11) NOT NULL AUTO_INCREMENT,
  `caja_id` int(11) NOT NULL,
  `correlativo` varchar(10) COLLATE utf8_unicode_ci NOT NULL,
  `vendedor_id` int(11) DEFAULT NULL,
  `precio_al_vendedor` decimal(10,2) NOT NULL,
  `precio_acumulado` decimal(10,2) NOT NULL,
  `fecha_asignacion_vendedor` datetime DEFAULT NULL,
  `fecha_estado_final` datetime DEFAULT NULL,
  `premio_acumulado` decimal(10,2) NOT NULL,
  `raspable_gratis_acumulado` decimal(10,2) NOT NULL,
  PRIMARY KEY (`id`),
  KEY `IDX_2C02362C8361A8B8` (`vendedor_id`),
  KEY `IDX_2C02362C2D82B651` (`caja_id`),
  CONSTRAINT `FK_2C02362C2D82B651` FOREIGN KEY (`caja_id`) REFERENCES `caja` (`id`),
  CONSTRAINT `FK_2C02362C8361A8B8` FOREIGN KEY (`vendedor_id`) REFERENCES `usuario` (`id`)
) ENGINE=InnoDB AUTO_INCREMENT=403 DEFAULT CHARSET=utf8 COLLATE=utf8_unicode_ci;
/*!40101 SET character_set_client = @saved_cs_client */;

--
-- Dumping data for table `libreta`
--

LOCK TABLES `libreta` WRITE;
/*!40000 ALTER TABLE `libreta` DISABLE KEYS */;
INSERT INTO `libreta` VALUES (383,23,'000001',11,'0.00','47.50','2015-12-08 14:54:28',NULL,'11.00','0.00'),(384,23,'000002',13,'0.00','43.00','2015-12-08 14:55:14',NULL,'5.00','1.50'),(385,23,'000003',10,'0.00','49.50','2015-12-08 15:08:12',NULL,'5.00','0.00'),(386,23,'000004',1,'0.00','49.50','2015-12-08 14:54:44',NULL,'10.00','0.00'),(387,23,'000005',16,'0.00','48.00','2015-12-08 14:55:01',NULL,'10.00','0.50'),(388,24,'000001',16,'0.00','47.00','2015-12-12 00:31:32',NULL,'1.00','0.00'),(389,24,'000002',10,'5.00','46.50','2015-12-12 00:37:14',NULL,'0.00','0.50'),(390,24,'000003',11,'0.00','48.50','2015-12-12 00:30:05',NULL,'5.00','0.00'),(391,24,'000004',11,'0.00','48.50','2015-12-12 00:31:10',NULL,'1.00','0.00'),(392,24,'000005',1,'0.00','45.50','2015-12-12 00:31:21',NULL,'3.00','0.00'),(393,24,'000006',1,'0.00','41.00','2015-12-12 00:30:14',NULL,'5.00','0.00'),(394,24,'000007',8,'0.00','39.00','2015-12-12 00:30:23',NULL,'0.00','0.50'),(395,24,'000008',10,'5.00','48.50','2015-12-12 00:30:52',NULL,'3.00','0.00'),(396,24,'000010',13,'5.00','38.00','2015-12-12 00:31:00',NULL,'2.00','0.00'),(397,25,'000002',10,'5.00','20.00','2015-12-12 01:03:44',NULL,'2.00','0.00'),(398,25,'000003',11,'0.00','40.00','2015-12-12 01:03:56',NULL,'2.00','0.00'),(399,25,'000004',16,'0.00','35.00','2015-12-12 01:03:36',NULL,'2.00','0.00'),(400,26,'000001',11,'0.00','50.00','2015-12-12 01:03:07','2016-01-07 14:16:26','8.00','0.00'),(401,26,'000002',8,'0.00','15.00','2015-12-12 01:03:26',NULL,'6.00','2.00'),(402,26,'000003',1,'0.00','20.00','2015-12-12 01:03:17',NULL,'4.00','0.00');
/*!40000 ALTER TABLE `libreta` ENABLE KEYS */;
UNLOCK TABLES;

--
-- Table structure for table `sucursal`
--

DROP TABLE IF EXISTS `sucursal`;
/*!40101 SET @saved_cs_client     = @@character_set_client */;
/*!40101 SET character_set_client = utf8 */;
CREATE TABLE `sucursal` (
  `id` int(11) NOT NULL AUTO_INCREMENT,
  `nombre` varchar(100) COLLATE utf8_unicode_ci NOT NULL,
  `fecha_ingreso_sistema` datetime DEFAULT NULL,
  `estado` varchar(20) COLLATE utf8_unicode_ci NOT NULL,
  PRIMARY KEY (`id`)
) ENGINE=InnoDB AUTO_INCREMENT=5 DEFAULT CHARSET=utf8 COLLATE=utf8_unicode_ci;
/*!40101 SET character_set_client = @saved_cs_client */;

--
-- Dumping data for table `sucursal`
--

LOCK TABLES `sucursal` WRITE;
/*!40000 ALTER TABLE `sucursal` DISABLE KEYS */;
INSERT INTO `sucursal` VALUES (1,'Santa Tecla','2015-11-18 00:00:00','ACTIVO'),(2,'Zacatecoluca','2015-11-18 16:08:00','ACTIVO'),(3,'Sonsonate','2015-11-18 16:09:00','ACTIVO'),(4,'Albas','2015-11-30 13:03:00','ACTIVO');
/*!40000 ALTER TABLE `sucursal` ENABLE KEYS */;
UNLOCK TABLES;

--
-- Table structure for table `ticket`
--

DROP TABLE IF EXISTS `ticket`;
/*!40101 SET @saved_cs_client     = @@character_set_client */;
/*!40101 SET character_set_client = utf8 */;
CREATE TABLE `ticket` (
  `id` int(11) NOT NULL AUTO_INCREMENT,
  `libreta_id` int(11) NOT NULL,
  `numero_ticket` varchar(25) COLLATE utf8_unicode_ci NOT NULL,
  `fecha_recibido` datetime NOT NULL,
  `premio` varchar(50) COLLATE utf8_unicode_ci DEFAULT NULL,
  `estado` varchar(50) COLLATE utf8_unicode_ci NOT NULL,
  PRIMARY KEY (`id`),
  KEY `IDX_900CA8957F598911` (`libreta_id`),
  CONSTRAINT `FK_900CA8957F598911` FOREIGN KEY (`libreta_id`) REFERENCES `libreta` (`id`)
) ENGINE=InnoDB AUTO_INCREMENT=280 DEFAULT CHARSET=utf8 COLLATE=utf8_unicode_ci;
/*!40101 SET character_set_client = @saved_cs_client */;

--
-- Dumping data for table `ticket`
--

LOCK TABLES `ticket` WRITE;
/*!40000 ALTER TABLE `ticket` DISABLE KEYS */;
INSERT INTO `ticket` VALUES (1,400,'0001-020678-098-9','2016-01-07 00:00:00','2','PREMIADO'),(2,400,'0001-020678-098-8','2016-01-07 00:00:00','2','PREMIADO'),(3,400,'0001-020678-098-7','2016-01-07 00:00:00','2','PREMIADO'),(4,400,'0001-020678-098-6','2016-01-07 00:00:00','2','PREMIADO'),(5,401,'0001-020678-097-9','2016-01-07 00:00:00','2','PREMIADO'),(6,401,'0001-020678-097-8','2016-01-07 00:00:00','2','PREMIADO'),(7,401,'0001-020678-097-6','2016-01-07 00:00:00','2','PREMIADO'),(8,401,'0001-020678-097-5','2016-01-07 00:00:00',NULL,'EN_RUTA'),(9,401,'0001-020678-097-4','2016-01-07 00:00:00',NULL,'EN_RUTA'),(10,401,'0001-020678-097-3','2016-01-07 00:00:00',NULL,'EN_RUTA'),(11,401,'0001-020678-097-2','2016-01-07 00:00:00',NULL,'EN_RUTA'),(12,401,'0001-020678-097-1','2016-01-07 00:00:00',NULL,'EN_RUTA'),(13,401,'0001-020678-096-9','2016-01-07 00:00:00',NULL,'EN_RUTA'),(14,401,'0001-020678-096-8','2016-01-07 00:00:00',NULL,'EN_RUTA'),(15,401,'0001-020678-096-7','2016-01-07 00:00:00',NULL,'EN_RUTA'),(16,401,'0001-020678-096-6','2016-01-07 00:00:00',NULL,'EN_RUTA'),(17,401,'0001-020678-096-5','2016-01-07 00:00:00',NULL,'EN_RUTA'),(18,401,'0001-020678-096-4','2016-01-07 00:00:00',NULL,'EN_RUTA'),(19,401,'0001-020678-096-3','2016-01-07 00:00:00',NULL,'EN_RUTA'),(20,401,'0001-020678-096-2','2016-01-07 00:00:00',NULL,'EN_RUTA'),(21,401,'0001-020678-096-1','2016-01-07 00:00:00',NULL,'EN_RUTA'),(22,401,'0001-020678-095-9','2016-01-07 00:00:00',NULL,'EN_RUTA'),(23,401,'0001-020678-095-8','2016-01-07 00:00:00',NULL,'EN_RUTA'),(24,401,'0001-020678-095-7','2016-01-07 00:00:00',NULL,'EN_RUTA'),(25,401,'0001-020678-095-6','2016-01-07 00:00:00',NULL,'EN_RUTA'),(26,401,'0001-020678-095-5','2016-01-07 00:00:00',NULL,'EN_RUTA'),(27,401,'0001-020678-095-4','2016-01-07 00:00:00',NULL,'EN_RUTA'),(28,401,'0001-020678-095-3','2016-01-07 00:00:00',NULL,'EN_RUTA'),(29,401,'0001-020678-095-2','2016-01-07 00:00:00',NULL,'EN_RUTA'),(30,401,'0001-020678-095-1','2016-01-07 00:00:00',NULL,'EN_RUTA'),(31,401,'0001-020678-094-9','2016-01-07 00:00:00',NULL,'EN_RUTA'),(32,401,'0001-020678-094-8','2016-01-07 00:00:00',NULL,'EN_RUTA'),(33,401,'0001-020678-094-7','2016-01-07 00:00:00',NULL,'EN_RUTA'),(34,401,'0001-020678-094-6','2016-01-07 00:00:00',NULL,'EN_RUTA'),(35,401,'0001-020678-094-5','2016-01-07 00:00:00',NULL,'EN_RUTA'),(36,401,'0001-020678-094-4','2016-01-07 00:00:00',NULL,'EN_RUTA'),(37,401,'0001-020678-094-3','2016-01-07 00:00:00',NULL,'EN_RUTA'),(38,401,'0001-020678-094-2','2016-01-07 00:00:00',NULL,'EN_RUTA'),(39,401,'0001-020678-094-1','2016-01-07 00:00:00',NULL,'EN_RUTA'),(40,401,'0001-020678-093-9','2016-01-07 00:00:00',NULL,'EN_RUTA'),(41,401,'0001-020678-093-8','2016-01-07 00:00:00',NULL,'EN_RUTA'),(42,401,'0001-020678-093-7','2016-01-07 00:00:00',NULL,'EN_RUTA'),(45,402,'0001-020678-092-9','2016-01-07 00:00:00','2','PREMIADO'),(46,402,'0001-020678-092-8','2016-01-07 00:00:00','2','PREMIADO'),(47,402,'0001-020678-092-7','2016-01-07 00:00:00',NULL,'EN_RUTA'),(48,402,'0001-020678-092-6','2016-01-07 00:00:00',NULL,'EN_RUTA'),(49,402,'0001-020678-092-5','2016-01-07 00:00:00',NULL,'EN_RUTA'),(50,402,'0001-020678-092-4','2016-01-07 00:00:00',NULL,'EN_RUTA'),(51,402,'0001-020678-092-3','2016-01-07 00:00:00',NULL,'EN_RUTA'),(52,402,'0001-020678-092-2','2016-01-07 00:00:00',NULL,'EN_RUTA'),(53,402,'0001-020678-092-1','2016-01-07 00:00:00',NULL,'EN_RUTA'),(54,402,'0001-020678-091-9','2016-01-07 00:00:00',NULL,'EN_RUTA'),(55,402,'0001-020678-091-8','2016-01-07 00:00:00',NULL,'EN_RUTA'),(56,402,'0001-020678-091-7','2016-01-07 00:00:00',NULL,'EN_RUTA'),(57,402,'0001-020678-091-6','2016-01-07 00:00:00',NULL,'EN_RUTA'),(58,402,'0001-020678-091-5','2016-01-07 00:00:00',NULL,'EN_RUTA'),(59,402,'0001-020678-091-4','2016-01-07 00:00:00',NULL,'EN_RUTA'),(60,402,'0001-020678-091-3','2016-01-07 00:00:00',NULL,'EN_RUTA'),(61,402,'0001-020678-091-2','2016-01-07 00:00:00',NULL,'EN_RUTA'),(62,402,'0001-020678-091-1','2016-01-07 00:00:00',NULL,'EN_RUTA'),(63,402,'0001-020678-090-9','2016-01-07 00:00:00',NULL,'EN_RUTA'),(64,402,'0001-020678-090-8','2016-01-07 00:00:00',NULL,'EN_RUTA'),(65,402,'0001-020678-090-7','2016-01-07 00:00:00',NULL,'EN_RUTA'),(66,402,'0001-020678-090-6','2016-01-07 00:00:00',NULL,'EN_RUTA'),(67,402,'0001-020678-090-5','2016-01-07 00:00:00',NULL,'EN_RUTA'),(68,402,'0001-020678-090-4','2016-01-07 00:00:00',NULL,'EN_RUTA'),(69,402,'0001-020678-090-3','2016-01-07 00:00:00',NULL,'EN_RUTA'),(70,402,'0001-020678-090-2','2016-01-07 00:00:00',NULL,'EN_RUTA'),(71,402,'0001-020678-090-1','2016-01-07 00:00:00',NULL,'EN_RUTA'),(72,402,'0001-020678-089-9','2016-01-07 00:00:00',NULL,'EN_RUTA'),(73,402,'0001-020678-089-8','2016-01-07 00:00:00',NULL,'EN_RUTA'),(74,402,'0001-020678-089-7','2016-01-07 00:00:00',NULL,'EN_RUTA'),(75,402,'0001-020678-089-6','2016-01-07 00:00:00',NULL,'EN_RUTA'),(76,402,'0001-020678-089-5','2016-01-07 00:00:00',NULL,'EN_RUTA'),(77,397,'0001-020678-088-9','2016-01-07 00:00:00','2','PREMIADO'),(78,397,'0001-020678-088-8','2016-01-07 00:00:00',NULL,'EN_RUTA'),(79,397,'0001-020678-088-7','2016-01-07 00:00:00',NULL,'EN_RUTA'),(80,397,'0001-020678-088-6','2016-01-07 00:00:00',NULL,'EN_RUTA'),(81,397,'0001-020678-088-5','2016-01-07 00:00:00',NULL,'EN_RUTA'),(82,397,'0001-020678-088-4','2016-01-07 00:00:00',NULL,'EN_RUTA'),(83,397,'0001-020678-088-3','2016-01-07 00:00:00',NULL,'EN_RUTA'),(84,397,'0001-020678-088-2','2016-01-07 00:00:00',NULL,'EN_RUTA'),(85,397,'0001-020678-088-1','2016-01-07 00:00:00',NULL,'EN_RUTA'),(86,397,'0001-020678-087-9','2016-01-07 00:00:00',NULL,'EN_RUTA'),(87,397,'0001-020678-087-8','2016-01-07 00:00:00',NULL,'EN_RUTA'),(88,397,'0001-020678-087-7','2016-01-07 00:00:00',NULL,'EN_RUTA'),(89,397,'0001-020678-087-6','2016-01-07 00:00:00',NULL,'EN_RUTA'),(90,397,'0001-020678-087-5','2016-01-07 00:00:00',NULL,'EN_RUTA'),(91,397,'0001-020678-087-4','2016-01-07 00:00:00',NULL,'EN_RUTA'),(92,397,'0001-020678-087-3','2016-01-07 00:00:00',NULL,'EN_RUTA'),(93,397,'0001-020678-087-2','2016-01-07 00:00:00',NULL,'EN_RUTA'),(94,397,'0001-020678-087-1','2016-01-07 00:00:00',NULL,'EN_RUTA'),(95,397,'0001-020678-086-9','2016-01-07 00:00:00',NULL,'EN_RUTA'),(96,397,'0001-020678-086-8','2016-01-07 00:00:00',NULL,'EN_RUTA'),(97,397,'0001-020678-086-7','2016-01-07 00:00:00',NULL,'EN_RUTA'),(98,397,'0001-020678-086-6','2016-01-07 00:00:00',NULL,'EN_RUTA'),(99,397,'0001-020678-086-5','2016-01-07 00:00:00',NULL,'EN_RUTA'),(100,397,'0001-020678-086-4','2016-01-07 00:00:00',NULL,'EN_RUTA'),(101,397,'0001-020678-086-3','2016-01-07 00:00:00',NULL,'EN_RUTA'),(102,397,'0001-020678-086-2','2016-01-07 00:00:00',NULL,'EN_RUTA'),(103,397,'0001-020678-086-1','2016-01-07 00:00:00',NULL,'EN_RUTA'),(104,397,'0001-020678-085-9','2016-01-07 00:00:00',NULL,'EN_RUTA'),(105,397,'0001-020678-085-8','2016-01-07 00:00:00',NULL,'EN_RUTA'),(106,397,'0001-020678-085-7','2016-01-07 00:00:00',NULL,'EN_RUTA'),(107,397,'0001-020678-085-6','2016-01-07 00:00:00',NULL,'EN_RUTA'),(108,398,'0001-020678-084-9','2016-01-07 00:00:00','2','PREMIADO'),(109,398,'0001-020678-084-8','2016-01-07 00:00:00',NULL,'EN_RUTA'),(110,398,'0001-020678-084-7','2016-01-07 00:00:00',NULL,'EN_RUTA'),(111,398,'0001-020678-084-6','2016-01-07 00:00:00',NULL,'EN_RUTA'),(112,398,'0001-020678-084-5','2016-01-07 00:00:00',NULL,'EN_RUTA'),(113,398,'0001-020678-084-4','2016-01-07 00:00:00',NULL,'EN_RUTA'),(114,398,'0001-020678-084-3','2016-01-07 00:00:00',NULL,'EN_RUTA'),(115,398,'0001-020678-084-2','2016-01-07 00:00:00',NULL,'EN_RUTA'),(116,398,'0001-020678-084-1','2016-01-07 00:00:00',NULL,'EN_RUTA'),(117,398,'0001-020678-083-9','2016-01-07 00:00:00',NULL,'EN_RUTA'),(118,398,'0001-020678-083-8','2016-01-07 00:00:00',NULL,'EN_RUTA'),(119,399,'0001-020678-083-7','2016-01-07 00:00:00','2','PREMIADO'),(120,399,'0001-020678-083-6','2016-01-07 00:00:00',NULL,'EN_RUTA'),(121,399,'0001-020678-083-5','2016-01-07 00:00:00',NULL,'EN_RUTA'),(122,399,'0001-020678-083-4','2016-01-07 00:00:00',NULL,'EN_RUTA'),(123,399,'0001-020678-083-3','2016-01-07 00:00:00',NULL,'EN_RUTA'),(124,399,'0001-020678-083-2','2016-01-07 00:00:00',NULL,'EN_RUTA'),(125,399,'0001-020678-083-1','2016-01-07 00:00:00',NULL,'EN_RUTA'),(126,399,'0001-020678-082-9','2016-01-07 00:00:00',NULL,'EN_RUTA'),(127,399,'0001-020678-082-8','2016-01-07 00:00:00',NULL,'EN_RUTA'),(128,399,'0001-020678-082-7','2016-01-07 00:00:00',NULL,'EN_RUTA'),(129,399,'0001-020678-082-6','2016-01-07 00:00:00',NULL,'EN_RUTA'),(130,399,'0001-020678-082-5','2016-01-07 00:00:00',NULL,'EN_RUTA'),(131,399,'0001-020678-082-4','2016-01-07 00:00:00',NULL,'EN_RUTA'),(132,399,'0001-020678-082-3','2016-01-07 00:00:00',NULL,'EN_RUTA'),(133,399,'0001-020678-082-2','2016-01-07 00:00:00',NULL,'EN_RUTA'),(134,399,'0001-020678-082-1','2016-01-07 00:00:00',NULL,'EN_RUTA'),(135,392,'0001-020678-081-9','2016-01-07 00:00:00','3','PREMIADO'),(136,392,'0001-020678-081-8','2016-01-07 00:00:00',NULL,'EN_RUTA'),(137,392,'0001-020678-081-7','2016-01-07 00:00:00',NULL,'EN_RUTA'),(138,392,'0001-020678-081-6','2016-01-07 00:00:00',NULL,'EN_RUTA'),(139,392,'0001-020678-081-5','2016-01-07 00:00:00',NULL,'EN_RUTA'),(140,392,'0001-020678-081-4','2016-01-07 00:00:00',NULL,'EN_RUTA'),(141,392,'0001-020678-081-3','2016-01-07 00:00:00',NULL,'EN_RUTA'),(142,392,'0001-020678-081-2','2016-01-07 00:00:00',NULL,'EN_RUTA'),(143,392,'0001-020678-081-1','2016-01-07 00:00:00',NULL,'EN_RUTA'),(144,392,'0001-020678-080-9','2016-01-07 00:00:00',NULL,'EN_RUTA'),(145,393,'0001-020678-080-8','2016-01-07 00:00:00','5','PREMIADO'),(146,393,'0001-020678-080-7','2016-01-07 00:00:00',NULL,'EN_RUTA'),(147,393,'0001-020678-080-6','2016-01-07 00:00:00',NULL,'EN_RUTA'),(148,393,'0001-020678-080-5','2016-01-07 00:00:00',NULL,'EN_RUTA'),(149,393,'0001-020678-080-4','2016-01-07 00:00:00',NULL,'EN_RUTA'),(150,393,'0001-020678-080-3','2016-01-07 00:00:00',NULL,'EN_RUTA'),(151,393,'0001-020678-080-2','2016-01-07 00:00:00',NULL,'EN_RUTA'),(152,393,'0001-020678-080-1','2016-01-07 00:00:00',NULL,'EN_RUTA'),(153,393,'0001-020678-079-9','2016-01-07 00:00:00',NULL,'EN_RUTA'),(154,393,'0001-020678-079-8','2016-01-07 00:00:00',NULL,'EN_RUTA'),(155,393,'0001-020678-079-7','2016-01-07 00:00:00',NULL,'EN_RUTA'),(156,393,'0001-020678-079-6','2016-01-07 00:00:00',NULL,'EN_RUTA'),(157,393,'0001-020678-079-5','2016-01-07 00:00:00',NULL,'EN_RUTA'),(158,393,'0001-020678-079-4','2016-01-07 00:00:00',NULL,'EN_RUTA'),(159,393,'0001-020678-079-3','2016-01-07 00:00:00',NULL,'EN_RUTA'),(160,393,'0001-020678-079-2','2016-01-07 00:00:00',NULL,'EN_RUTA'),(161,393,'0001-020678-079-1','2016-01-07 00:00:00',NULL,'EN_RUTA'),(162,393,'0001-020678-078-9','2016-01-07 00:00:00',NULL,'EN_RUTA'),(163,393,'0001-020678-078-8','2016-01-07 00:00:00',NULL,'EN_RUTA'),(164,394,'0001-020678-077-9','2016-01-07 00:00:00','RASPABLE_GRATIS','PREMIADO'),(165,394,'0001-020678-077-8','2016-01-07 00:00:00',NULL,'EN_RUTA'),(166,394,'0001-020678-077-7','2016-01-07 00:00:00',NULL,'EN_RUTA'),(167,394,'0001-020678-077-6','2016-01-07 00:00:00',NULL,'EN_RUTA'),(168,394,'0001-020678-077-5','2016-01-07 00:00:00',NULL,'EN_RUTA'),(169,394,'0001-020678-077-4','2016-01-07 00:00:00',NULL,'EN_RUTA'),(170,394,'0001-020678-077-3','2016-01-07 00:00:00',NULL,'EN_RUTA'),(171,394,'0001-020678-077-2','2016-01-07 00:00:00',NULL,'EN_RUTA'),(172,394,'0001-020678-077-1','2016-01-07 00:00:00',NULL,'EN_RUTA'),(173,394,'0001-020678-076-9','2016-01-07 00:00:00',NULL,'EN_RUTA'),(174,394,'0001-020678-076-8','2016-01-07 00:00:00',NULL,'EN_RUTA'),(175,394,'0001-020678-076-7','2016-01-07 00:00:00',NULL,'EN_RUTA'),(176,394,'0001-020678-076-6','2016-01-07 00:00:00',NULL,'EN_RUTA'),(177,394,'0001-020678-076-5','2016-01-07 00:00:00',NULL,'EN_RUTA'),(178,394,'0001-020678-076-4','2016-01-07 00:00:00',NULL,'EN_RUTA'),(179,394,'0001-020678-076-3','2016-01-07 00:00:00',NULL,'EN_RUTA'),(180,394,'0001-020678-076-2','2016-01-07 00:00:00',NULL,'EN_RUTA'),(181,394,'0001-020678-076-1','2016-01-07 00:00:00',NULL,'EN_RUTA'),(182,394,'0001-020678-075-9','2016-01-07 00:00:00',NULL,'EN_RUTA'),(183,394,'0001-020678-075-8','2016-01-07 00:00:00',NULL,'EN_RUTA'),(184,394,'0001-020678-075-7','2016-01-07 00:00:00',NULL,'EN_RUTA'),(185,394,'0001-020678-075-6','2016-01-07 00:00:00',NULL,'EN_RUTA'),(186,394,'0001-020678-075-5','2016-01-07 00:00:00',NULL,'EN_RUTA'),(187,395,'0001-020678-074-9','2016-01-07 00:00:00','3','PREMIADO'),(188,395,'0001-020678-074-8','2016-01-07 00:00:00',NULL,'EN_RUTA'),(189,395,'0001-020678-074-7','2016-01-07 00:00:00',NULL,'EN_RUTA'),(190,395,'0001-020678-074-6','2016-01-07 00:00:00',NULL,'EN_RUTA'),(191,396,'0001-020678-074-5','2016-01-07 00:00:00','1','PREMIADO'),(192,396,'0001-020678-074-4','2016-01-07 00:00:00','1','PREMIADO'),(193,396,'0001-020678-074-3','2016-01-07 00:00:00',NULL,'EN_RUTA'),(194,396,'0001-020678-074-2','2016-01-07 00:00:00',NULL,'EN_RUTA'),(195,396,'0001-020678-074-1','2016-01-07 00:00:00',NULL,'EN_RUTA'),(196,396,'0001-020678-073-9','2016-01-07 00:00:00',NULL,'EN_RUTA'),(197,396,'0001-020678-073-8','2016-01-07 00:00:00',NULL,'EN_RUTA'),(198,396,'0001-020678-073-7','2016-01-07 00:00:00',NULL,'EN_RUTA'),(199,396,'0001-020678-073-6','2016-01-07 00:00:00',NULL,'EN_RUTA'),(200,396,'0001-020678-073-5','2016-01-07 00:00:00',NULL,'EN_RUTA'),(201,396,'0001-020678-073-4','2016-01-07 00:00:00',NULL,'EN_RUTA'),(202,396,'0001-020678-073-3','2016-01-07 00:00:00',NULL,'EN_RUTA'),(203,396,'0001-020678-073-2','2016-01-07 00:00:00',NULL,'EN_RUTA'),(204,396,'0001-020678-073-1','2016-01-07 00:00:00',NULL,'EN_RUTA'),(205,396,'0001-020678-072-9','2016-01-07 00:00:00',NULL,'EN_RUTA'),(206,396,'0001-020678-072-8','2016-01-07 00:00:00',NULL,'EN_RUTA'),(207,396,'0001-020678-072-7','2016-01-07 00:00:00',NULL,'EN_RUTA'),(208,396,'0001-020678-072-6','2016-01-07 00:00:00',NULL,'EN_RUTA'),(209,396,'0001-020678-072-5','2016-01-07 00:00:00',NULL,'EN_RUTA'),(210,396,'0001-020678-072-4','2016-01-07 00:00:00',NULL,'EN_RUTA'),(211,396,'0001-020678-072-3','2016-01-07 00:00:00',NULL,'EN_RUTA'),(212,396,'0001-020678-072-2','2016-01-07 00:00:00',NULL,'EN_RUTA'),(213,396,'0001-020678-072-1','2016-01-07 00:00:00',NULL,'EN_RUTA'),(214,396,'0001-020678-071-9','2016-01-07 00:00:00',NULL,'EN_RUTA'),(215,396,'0001-020678-071-8','2016-01-07 00:00:00',NULL,'EN_RUTA'),(216,396,'0001-020678-071-7','2016-01-07 00:00:00',NULL,'EN_RUTA'),(217,388,'0001-020678-070-9','2016-01-07 00:00:00','1','PREMIADO'),(218,388,'0001-020678-070-8','2016-01-07 00:00:00',NULL,'EN_RUTA'),(219,388,'0001-020678-070-7','2016-01-07 00:00:00',NULL,'EN_RUTA'),(220,388,'0001-020678-070-6','2016-01-07 00:00:00',NULL,'EN_RUTA'),(221,388,'0001-020678-070-5','2016-01-07 00:00:00',NULL,'EN_RUTA'),(222,388,'0001-020678-070-4','2016-01-07 00:00:00',NULL,'EN_RUTA'),(223,388,'0001-020678-070-3','2016-01-07 00:00:00',NULL,'EN_RUTA'),(224,389,'0001-020678-069-9','2016-01-07 00:00:00','RASPABLE_GRATIS','PREMIADO'),(225,389,'0001-020678-069-8','2016-01-07 00:00:00',NULL,'EN_RUTA'),(226,389,'0001-020678-069-7','2016-01-07 00:00:00',NULL,'EN_RUTA'),(227,389,'0001-020678-069-6','2016-01-07 00:00:00',NULL,'EN_RUTA'),(228,389,'0001-020678-069-5','2016-01-07 00:00:00',NULL,'EN_RUTA'),(229,389,'0001-020678-069-4','2016-01-07 00:00:00',NULL,'EN_RUTA'),(230,389,'0001-020678-069-3','2016-01-07 00:00:00',NULL,'EN_RUTA'),(231,389,'0001-020678-069-2','2016-01-07 00:00:00',NULL,'EN_RUTA'),(232,390,'0001-020678-068-9','2016-01-07 00:00:00','5','PREMIADO'),(233,390,'0001-020678-069-8','2016-01-07 00:00:00',NULL,'EN_RUTA'),(234,390,'0001-020678-069-7','2016-01-07 00:00:00',NULL,'EN_RUTA'),(235,390,'0001-020678-069-6','2016-01-07 00:00:00',NULL,'EN_RUTA'),(236,391,'0001-020678-068-9','2016-01-07 00:00:00','1','PREMIADO'),(237,391,'0001-020678-068-8','2016-01-07 00:00:00',NULL,'EN_RUTA'),(238,391,'0001-020678-068-7','2016-01-07 00:00:00',NULL,'EN_RUTA'),(239,391,'0001-020678-068-6','2016-01-07 00:00:00',NULL,'EN_RUTA'),(240,383,'0001-020678-067-9','2016-01-07 00:00:00','3','PREMIADO'),(241,383,'0001-020678-067-8','2016-01-07 00:00:00','3','PREMIADO'),(242,383,'0001-020678-067-7','2016-01-07 00:00:00','5','PREMIADO'),(243,383,'0001-020678-067-6','2016-01-07 00:00:00',NULL,'EN_RUTA'),(244,383,'0001-020678-067-5','2016-01-07 00:00:00',NULL,'EN_RUTA'),(245,383,'0001-020678-067-4','2016-01-07 00:00:00',NULL,'EN_RUTA'),(246,383,'0001-020678-067-3','2016-01-07 00:00:00',NULL,'EN_RUTA'),(247,383,'0001-020678-067-2','2016-01-07 00:00:00',NULL,'EN_RUTA'),(248,384,'0001-020678-066-9','2016-01-07 00:00:00','5','PREMIADO'),(249,384,'0001-020678-066-8','2016-01-07 00:00:00',NULL,'EN_RUTA'),(250,384,'0001-020678-066-7','2016-01-07 00:00:00',NULL,'EN_RUTA'),(251,384,'0001-020678-066-6','2016-01-07 00:00:00',NULL,'EN_RUTA'),(252,384,'0001-020678-066-5','2016-01-07 00:00:00',NULL,'EN_RUTA'),(253,384,'0001-020678-066-4','2016-01-07 00:00:00',NULL,'EN_RUTA'),(254,384,'0001-020678-066-3','2016-01-07 00:00:00',NULL,'EN_RUTA'),(255,384,'0001-020678-066-2','2016-01-07 00:00:00',NULL,'EN_RUTA'),(256,384,'0001-020678-066-1','2016-01-07 00:00:00',NULL,'EN_RUTA'),(257,384,'0001-020678-065-9','2016-01-07 00:00:00',NULL,'EN_RUTA'),(258,384,'0001-020678-065-8','2016-01-07 00:00:00',NULL,'EN_RUTA'),(259,384,'0001-020678-065-7','2016-01-07 00:00:00',NULL,'EN_RUTA'),(260,384,'0001-020678-065-6','2016-01-07 00:00:00',NULL,'EN_RUTA'),(261,384,'0001-020678-065-5','2016-01-07 00:00:00',NULL,'EN_RUTA'),(262,384,'0001-020678-065-4','2016-01-07 00:00:00',NULL,'EN_RUTA'),(263,385,'0001-020678-064-9','2016-01-07 00:00:00','5','PREMIADO'),(264,385,'0001-020678-065-8','2016-01-07 00:00:00',NULL,'EN_RUTA'),(265,386,'0001-020678-060-9','2016-01-07 00:00:00','5','PREMIADO'),(266,386,'0001-020678-060-8','2016-01-07 00:00:00','5','PREMIADO'),(267,386,'0001-020678-060-7','2016-01-07 00:00:00',NULL,'EN_RUTA'),(268,387,'0001-020678-059-9','2016-01-07 00:00:00','RASPABLE_GRATIS','PREMIADO'),(269,387,'0001-020678-059-8','2016-01-07 00:00:00',NULL,'EN_RUTA'),(270,387,'0001-020678-059-7','2016-01-07 00:00:00',NULL,'EN_RUTA'),(271,387,'0001-020678-059-6','2016-01-07 00:00:00',NULL,'EN_RUTA'),(272,387,'0001-020678-059-5','2016-01-07 00:00:00','5','PREMIADO'),(273,387,'0001-020678-059-4','2016-01-07 00:00:00','5','PREMIADO'),(274,387,'0001-020678-059-3','2016-01-07 00:00:00',NULL,'EN_RUTA'),(275,401,'0001-020678-058-9','2016-01-07 00:00:00','RASPABLE_GRATIS','PREMIADO'),(276,401,'0001-020678-058-8','2016-01-07 00:00:00','RASPABLE_GRATIS','PREMIADO'),(277,384,'0001-020678-065-3','2016-01-07 00:00:00','RASPABLE_GRATIS','PREMIADO'),(278,384,'0001-020678-065-2','2016-01-07 00:00:00','RASPABLE_GRATIS','PREMIADO'),(279,384,'0001-020678-065-1','2016-01-07 00:00:00','RASPABLE_GRATIS','PREMIADO');
/*!40000 ALTER TABLE `ticket` ENABLE KEYS */;
UNLOCK TABLES;

--
-- Table structure for table `tickethistorico`
--

DROP TABLE IF EXISTS `tickethistorico`;
/*!40101 SET @saved_cs_client     = @@character_set_client */;
/*!40101 SET character_set_client = utf8 */;
CREATE TABLE `tickethistorico` (
  `ticket_id` int(11) NOT NULL,
  `id` int(11) NOT NULL,
  `fecha` datetime NOT NULL,
  `estado` varchar(50) COLLATE utf8_unicode_ci NOT NULL,
  PRIMARY KEY (`ticket_id`,`id`),
  KEY `IDX_2C3730B6700047D2` (`ticket_id`),
  CONSTRAINT `FK_2C3730B6700047D2` FOREIGN KEY (`ticket_id`) REFERENCES `ticket` (`id`)
) ENGINE=InnoDB DEFAULT CHARSET=utf8 COLLATE=utf8_unicode_ci;
/*!40101 SET character_set_client = @saved_cs_client */;

--
-- Dumping data for table `tickethistorico`
--

LOCK TABLES `tickethistorico` WRITE;
/*!40000 ALTER TABLE `tickethistorico` DISABLE KEYS */;
/*!40000 ALTER TABLE `tickethistorico` ENABLE KEYS */;
UNLOCK TABLES;

--
-- Table structure for table `usuario`
--

DROP TABLE IF EXISTS `usuario`;
/*!40101 SET @saved_cs_client     = @@character_set_client */;
/*!40101 SET character_set_client = utf8 */;
CREATE TABLE `usuario` (
  `id` int(11) NOT NULL AUTO_INCREMENT,
  `usuario_id` int(11) DEFAULT NULL,
  `nombre` varchar(100) COLLATE utf8_unicode_ci NOT NULL,
  `apellidos` varchar(100) COLLATE utf8_unicode_ci NOT NULL,
  `dui` varchar(9) COLLATE utf8_unicode_ci NOT NULL,
  `username` varchar(100) COLLATE utf8_unicode_ci NOT NULL,
  `password` varchar(100) COLLATE utf8_unicode_ci NOT NULL,
  `salt` varchar(100) COLLATE utf8_unicode_ci NOT NULL,
  `email` varchar(100) COLLATE utf8_unicode_ci NOT NULL,
  `direccion` longtext COLLATE utf8_unicode_ci NOT NULL,
  `fecha_alta` datetime NOT NULL,
  `fecha_nacimiento` datetime NOT NULL,
  `tipo_usuario` varchar(25) COLLATE utf8_unicode_ci NOT NULL,
  `estado` varchar(20) COLLATE utf8_unicode_ci NOT NULL,
  PRIMARY KEY (`id`),
  KEY `IDX_EDD889C1DB38439E` (`usuario_id`),
  CONSTRAINT `FK_EDD889C1DB38439E` FOREIGN KEY (`usuario_id`) REFERENCES `usuario` (`id`)
) ENGINE=InnoDB AUTO_INCREMENT=17 DEFAULT CHARSET=utf8 COLLATE=utf8_unicode_ci;
/*!40101 SET character_set_client = @saved_cs_client */;

--
-- Dumping data for table `usuario`
--

LOCK TABLES `usuario` WRITE;
/*!40000 ALTER TABLE `usuario` DISABLE KEYS */;
INSERT INTO `usuario` VALUES (1,NULL,'Dennis','Urias','121212121','durias','nYUBJxgTGQpk7lTtjYDKcd8TrbBgW0nZNDOA3BltPY28VFeXtD4Pz23cchO6sRNBxAdTJvOsieuuAZ2dLadzLA==','11dae043556812e84ae0358ec563fea6','durias@hotmail.com','Res. Los Jardines, Zacamil','2015-08-06 11:44:45','1994-03-03 00:00:00','VENDEDOR','ACTIVO'),(4,NULL,'Camila','Acevedo','01010101','cacevedo','L6EmD/6GHFBmJRskmWLQKkD05t5ioRULz+CJZDcGxZBQB/+QZhlBXd8I+SjVjoK6cfqQNBt9kw5bCMtekat0kA==','e3aa0ad2be036a3aab88f0c20ed7cef7','cacevedo@gmail.com','Res. Jardines la sabana 2','2015-08-06 12:05:42','1990-05-08 00:00:00','ADMIN','ACTIVO'),(5,NULL,'Raspin','ESA','031292321','superadmin','ctAhN1bQHBhJ5weTUssmZKVABsLWDRlkyhN/XcQabnZipu82qt5BGcjNznAFD+RPooYJG+YluOGlSYIsuVpGvw==','4790b40e37414f047eeeae9d1ad1afc2','ryurodolfo@gmail.com','Res. Escalón','2015-08-06 15:32:18','1985-07-26 00:00:00','SUPER_ADMIN','ACTIVO'),(6,NULL,'Ricardo','Mendoza','101010102','rmendoza','b/I4WHXWUJGCEDs2uZ3UoqW7Vw7qUnRf5yad3ZHDOApniGWl8jjthQLOZJ8ReTU6lCjYVJXmrLltUGYcpOsunA==','77573a2dfcb7de8d370b3dc6490d4338','rmendoza@gmail.com','Res. San Benito','2015-08-06 17:38:55','1984-01-01 00:00:00','SUPERVISOR','ACTIVO'),(8,6,'Juan','Solano','102993192','jsolano','hdqtOuexXn7jhP9VOHXtyU3bK8mv2SNkoFyu0IfNPgLgt5zxiShk7T982QQ8nr67bTa6dboPmVzay0ZOTvMIJw==','d56a9aa1b1407a38e7bc61c915f1b9da','jsolano@gmail.com','España','2015-08-06 18:02:24','1997-01-01 00:00:00','VENDEDOR','ACTIVO'),(9,NULL,'Mario','Martinez','01010101','mmartinez','C9tvp/cd+cZGyN7sVFmq/FyUa+3Qq8HoGz5mI7iVcLvUkKbLNdk4/TGQBTSs3v/Ox7RIagnq8yWY9LfcBagfMg==','f6ef323cf90ffb3d49c692c01c58b1cc','mmartinez@gmail.com','res utila','2015-08-14 23:43:00','1986-01-01 00:00:00','SUPERVISOR','ACTIVO'),(10,NULL,'Luis','Giron','12012012','lgiron','nmdjThvnSzlbSSEaaVjX3/jbmvuesA55mAwbcuFzZNJYtM8c/NnwQhTsOI9/+itYDHb0yA5d2swv+3e0SLvRzA==','ac8066fe52374c9863f790f4671ee8b6','lgiron@gmail.com','Res Escalon','2015-08-26 11:46:10','1990-05-03 00:00:00','VENDEDOR_INDEPENDIENTE','ACTIVO'),(11,6,'Alex','Moreno','1232423','amoreno','g3gvna/e5gfiOuQ6g9nLOaqkrVT0wpk+mYb7DFwuuO5Kq3nNtrk+IfG4s2aHbC1xV3d+jBCWYuZDJe9wmaBwDQ==','9c94dc9bac61400f8aad8db361e72471','amoreno@gmail.com','Residencial San Luis','2015-08-26 16:07:39','1990-10-05 00:00:00','VENDEDOR','ACTIVO'),(12,NULL,'Gio','Cardoza','12121212','gcardoza','J/eiH8bfT2x74U8BM4x6oL+HOpW+HbAIioDTCkQnND1HSNFV5LKwB6KKYoMNGjQ9459V7qyx6UN7dvymSrP1oA==','58c123d9657dc17269b3022e875e119b','gcardoza@gmail.com','Escalon','2015-09-02 21:26:52','1986-05-13 00:00:00','SUPERVISOR','ACTIVO'),(13,6,'Oscar','Salazar','545454545','osalazar','9ASveR8abkJN6sYklnJ6U982i29gwGrDk6+YcPf7TRAQmC5k6RuYlAB/igFgvdm+/4TjN4CVhp8LB5EhnF1u0A==','739e99759f909b4019fa17b4093c12d9','osalazar@gmail.com','Soya','2015-09-02 21:35:03','1995-02-03 00:00:00','VENDEDOR_INDEPENDIENTE','ACTIVO'),(14,NULL,'Ricardo','Herrera','02011230','rherrera','P1UH1PdsBaox8xKsvAcwU0+pkly8RD5l99zbUvJRaMAqYWJoBR/nSEI/QRBDl8d9QG+eL0qbuitVj6Y1L+I51A==','a7c7705e6fca92f9d317bc90aa17dcd7','rherrera@gmail.com','Merliot','2015-09-07 08:34:01','1980-01-01 00:00:00','SUPERVISOR','ACTIVO'),(15,NULL,'Hannibal','Lecter','112-121-1','hlecter','c+AEnh+EClfxlA1yzb3OZ8XIYCcmubW9tYtXe6Y9eCo6azzaZL2mt75PDsVElekJ54vOy9tyz6hi06B2Rk0P5A==','bfb52d7207e893dadf5f3600355e3944','hlecter@gmail.com','Res. Escalón\r\nCreado por superadmin','2015-11-11 22:36:12','1990-01-01 00:00:00','ADMIN','ACTIVO'),(16,6,'Lidice','Nahomi','214632-22','lnahomi','KCMsERTikBDgxp3Gg1+t+WGm9KRRX+4njqFpfQNvrd5A1b74t+hy8sgR0x1FGRFMmuVdgCqDGosfiCIS7w7xCg==','f85544dd1f4660bb64202d87e393730b','lnahomi@gmail.com','Res. Lourdes','2015-11-27 12:35:13','1980-01-01 00:00:00','VENDEDOR','ACTIVO');
/*!40000 ALTER TABLE `usuario` ENABLE KEYS */;
UNLOCK TABLES;
/*!40103 SET TIME_ZONE=@OLD_TIME_ZONE */;

/*!40101 SET SQL_MODE=@OLD_SQL_MODE */;
/*!40014 SET FOREIGN_KEY_CHECKS=@OLD_FOREIGN_KEY_CHECKS */;
/*!40014 SET UNIQUE_CHECKS=@OLD_UNIQUE_CHECKS */;
/*!40101 SET CHARACTER_SET_CLIENT=@OLD_CHARACTER_SET_CLIENT */;
/*!40101 SET CHARACTER_SET_RESULTS=@OLD_CHARACTER_SET_RESULTS */;
/*!40101 SET COLLATION_CONNECTION=@OLD_COLLATION_CONNECTION */;
/*!40111 SET SQL_NOTES=@OLD_SQL_NOTES */;

-- Dump completed on 2016-01-26 14:17:59
